100007_raw,Polyunsaturated fat,http://biobank.ctsu.ox.ac.uk/crystal/field.cgi?id=100007,both_sexes,100007_raw.gwas.imputed_v3.both_sexes.tsv.bgz,wget https://www.dropbox.com/s/jeptop79cdh7vtc/100007_raw.gwas.imputed_v3.both_sexes.tsv.bgz?dl=0 -O 100007_raw.gwas.imputed_v3.both_sexes.tsv.bgz,https://www.dropbox.com/s/jeptop79cdh7vtc/100007_raw.gwas.imputed_v3.both_sexes.tsv.bgz?dl=0
100008_raw,Total sugars,http://biobank.ctsu.ox.ac.uk/crystal/field.cgi?id=100008,both_sexes,100008_raw.gwas.imputed_v3.both_sexes.tsv.bgz,wget https://www.dropbox.com/s/7ctfqv97apisudw/100008_raw.gwas.imputed_v3.both_sexes.tsv.bgz?dl=0 -O 100008_raw.gwas.imputed_v3.both_sexes.tsv.bgz,https://www.dropbox.com/s/7ctfqv97apisudw/100008_raw.gwas.imputed_v3.both_sexes.tsv.bgz?dl=0
1001,Duration of strenuous sports,http://biobank.ctsu.ox.ac.uk/crystal/field.cgi?id=1001,both_sexes,1001.gwas.imputed_v3.both_sexes.tsv.bgz,wget https://www.dropbox.com/s/u3gfkl46doxs8r4/1001.gwas.imputed_v3.both_sexes.tsv.bgz?dl=0 -O 1001.gwas.imputed_v3.both_sexes.tsv.bgz,https://www.dropbox.com/s/u3gfkl46doxs8r4/1001.gwas.imputed_v3.both_sexes.tsv.bgz?dl=0
100150,Drinking water intake, http://biobank.ctsu.ox.ac.uk/crystal/field.cgi?id=100150,both_sexes,100150.gwas.imputed_v3.both_sexes.tsv.bgz,wget https://www.dropbox.com/s/pmh95bgyqany7gk/100150.gwas.imputed_v3.both_sexes.tsv.bgz?dl=0 -O 100150.gwas.imputed_v3.both_sexes.tsv.bgz,https://www.dropbox.com/s/pmh95bgyqany7gk/100150.gwas.imputed_v3.both_sexes.tsv.bgz?dl=0
100240,Coffee consumed,http://biobank.ctsu.ox.ac.uk/crystal/field.cgi?id=100240,both_sexes,100240.gwas.imputed_v3.both_sexes.tsv.bgz,wget https://www.dropbox.com/s/6xmvxhufzri7u3w/100240.gwas.imputed_v3.both_sexes.tsv.bgz?dl=0 -O 100240.gwas.imputed_v3.both_sexes.tsv.bgz,https://www.dropbox.com/s/6xmvxhufzri7u3w/100240.gwas.imputed_v3.both_sexes.tsv.bgz?dl=0
100580,Alcohol consumed,http://biobank.ctsu.ox.ac.uk/crystal/field.cgi?id=100580,both_sexes,100580.gwas.imputed_v3.both_sexes.tsv.bgz,wget https://www.dropbox.com/s/lr12r8tnqoeutfw/100580.gwas.imputed_v3.both_sexes.tsv.bgz?dl=0 -O 100580.gwas.imputed_v3.both_sexes.tsv.bgz,https://www.dropbox.com/s/lr12r8tnqoeutfw/100580.gwas.imputed_v3.both_sexes.tsv.bgz?dl=0
1011,Frequency of light DIY in last 4 weeks,http://biobank.ctsu.ox.ac.uk/crystal/field.cgi?id=1011,both_sexes,1011.gwas.imputed_v3.both_sexes.tsv.bgz,wget https://www.dropbox.com/s/i6k20pw1yt9cvqc/1011.gwas.imputed_v3.both_sexes.tsv.bgz?dl=0 -O 1011.gwas.imputed_v3.both_sexes.tsv.bgz,https://www.dropbox.com/s/i6k20pw1yt9cvqc/1011.gwas.imputed_v3.both_sexes.tsv.bgz?dl=0
102_raw,Pulse rate- automated reading, http://biobank.ctsu.ox.ac.uk/crystal/field.cgi?id=102,both_sexes,102_raw.gwas.imputed_v3.both_sexes.tsv.bgz,wget https://www.dropbox.com/s/hql1nflnkrk863p/102_raw.gwas.imputed_v3.both_sexes.tsv.bgz?dl=0 -O 102_raw.gwas.imputed_v3.both_sexes.tsv.bgz,https://www.dropbox.com/s/hql1nflnkrk863p/102_raw.gwas.imputed_v3.both_sexes.tsv.bgz?dl=0
102330,Sweets intake, http://biobank.ctsu.ox.ac.uk/crystal/field.cgi?id=102330,both_sexes,102330.gwas.imputed_v3.both_sexes.tsv.bgz,wget https://www.dropbox.com/s/fcjt3piv31kio6q/102330.gwas.imputed_v3.both_sexes.tsv.bgz?dl=0 -O 102330.gwas.imputed_v3.both_sexes.tsv.bgz,https://www.dropbox.com/s/fcjt3piv31kio6q/102330.gwas.imputed_v3.both_sexes.tsv.bgz?dl=0
1031,Frequency of friend/family visits, http://biobank.ctsu.ox.ac.uk/crystal/field.cgi?id=1031,both_sexes,1031.gwas.imputed_v3.both_sexes.tsv.bgz,wget https://www.dropbox.com/s/5d4obg43etq2pn7/1031.gwas.imputed_v3.both_sexes.tsv.bgz?dl=0 -O 1031.gwas.imputed_v3.both_sexes.tsv.bgz,https://www.dropbox.com/s/5d4obg43etq2pn7/1031.gwas.imputed_v3.both_sexes.tsv.bgz?dl=0
104400,Fruit consumers,http://biobank.ctsu.ox.ac.uk/crystal/field.cgi?id=104400,both_sexes,104400.gwas.imputed_v3.both_sexes.tsv.bgz,wget https://www.dropbox.com/s/0xccipcs6hlg8wx/104400.gwas.imputed_v3.both_sexes.tsv.bgz?dl=0 -O 104400.gwas.imputed_v3.both_sexes.tsv.bgz,https://www.dropbox.com/s/0xccipcs6hlg8wx/104400.gwas.imputed_v3.both_sexes.tsv.bgz?dl=0
104900,Time spent doing vigorous physical activity,http://biobank.ctsu.ox.ac.uk/crystal/field.cgi?id=104900,both_sexes,104900.gwas.imputed_v3.both_sexes.tsv.bgz,wget https://www.dropbox.com/s/lzomwuijmssb5im/104900.gwas.imputed_v3.both_sexes.tsv.bgz?dl=0 -O 104900.gwas.imputed_v3.both_sexes.tsv.bgz,https://www.dropbox.com/s/lzomwuijmssb5im/104900.gwas.imputed_v3.both_sexes.tsv.bgz?dl=0
1050,Time spend outdoors in summer, http://biobank.ctsu.ox.ac.uk/crystal/field.cgi?id=1050,both_sexes,1050.gwas.imputed_v3.both_sexes.tsv.bgz,wget https://www.dropbox.com/s/95qlwejg9wa81j8/1050.gwas.imputed_v3.both_sexes.tsv.bgz?dl=0 -O 1050.gwas.imputed_v3.both_sexes.tsv.bgz,https://www.dropbox.com/s/95qlwejg9wa81j8/1050.gwas.imputed_v3.both_sexes.tsv.bgz?dl=0
1090,Time spent driving,http://biobank.ctsu.ox.ac.uk/crystal/field.cgi?id=1090,both_sexes,1090.gwas.imputed_v3.both_sexes.tsv.bgz,wget https://www.dropbox.com/s/llwout2bjddxmmi/1090.gwas.imputed_v3.both_sexes.tsv.bgz?dl=0 -O 1090.gwas.imputed_v3.both_sexes.tsv.bgz,https://www.dropbox.com/s/llwout2bjddxmmi/1090.gwas.imputed_v3.both_sexes.tsv.bgz?dl=0
1100,Drive faster than motorway speed limit,http://biobank.ctsu.ox.ac.uk/crystal/field.cgi?id=1100,both_sexes,1100.gwas.imputed_v3.both_sexes.tsv.bgz,wget https://www.dropbox.com/s/6rkm50f8zib90d2/1100.gwas.imputed_v3.both_sexes.tsv.bgz?dl=0 -O 1100.gwas.imputed_v3.both_sexes.tsv.bgz,https://www.dropbox.com/s/6rkm50f8zib90d2/1100.gwas.imputed_v3.both_sexes.tsv.bgz?dl=0
1110,Length of mobile phone use,http://biobank.ctsu.ox.ac.uk/crystal/field.cgi?id=1110,both_sexes,1110.gwas.imputed_v3.both_sexes.tsv.bgz,wget https://www.dropbox.com/s/gfsuoifz9no2g03/1110.gwas.imputed_v3.both_sexes.tsv.bgz?dl=0 -O 1110.gwas.imputed_v3.both_sexes.tsv.bgz,https://www.dropbox.com/s/gfsuoifz9no2g03/1110.gwas.imputed_v3.both_sexes.tsv.bgz?dl=0
1160,Sleep duration,http://biobank.ctsu.ox.ac.uk/crystal/field.cgi?id=1160,both_sexes,1160.gwas.imputed_v3.both_sexes.tsv.bgz,wget https://www.dropbox.com/s/7tgjc9s68gp9d5a/1160.gwas.imputed_v3.both_sexes.tsv.bgz?dl=0 -O 1160.gwas.imputed_v3.both_sexes.tsv.bgz,https://www.dropbox.com/s/7tgjc9s68gp9d5a/1160.gwas.imputed_v3.both_sexes.tsv.bgz?dl=0
1180,Morning/evening person (chronotype),http://biobank.ctsu.ox.ac.uk/crystal/field.cgi?id=1180,both_sexes,1180.gwas.imputed_v3.both_sexes.tsv.bgz,wget https://www.dropbox.com/s/h6vnprrobkdia2d/1180.gwas.imputed_v3.both_sexes.tsv.bgz?dl=0 -O 1180.gwas.imputed_v3.both_sexes.tsv.bgz,https://www.dropbox.com/s/h6vnprrobkdia2d/1180.gwas.imputed_v3.both_sexes.tsv.bgz?dl=0
1190,Nap during day,http://biobank.ctsu.ox.ac.uk/crystal/field.cgi?id=1190,both_sexes,1190.gwas.imputed_v3.both_sexes.tsv.bgz,wget https://www.dropbox.com/s/q8fynq2rnkgttoi/1190.gwas.imputed_v3.both_sexes.tsv.bgz?dl=0 -O 1190.gwas.imputed_v3.both_sexes.tsv.bgz,https://www.dropbox.com/s/q8fynq2rnkgttoi/1190.gwas.imputed_v3.both_sexes.tsv.bgz?dl=0
1200,Sleeplessness / insomnia,http://biobank.ctsu.ox.ac.uk/crystal/field.cgi?id=1200,both_sexes,1200.gwas.imputed_v3.both_sexes.tsv.bgz,wget https://www.dropbox.com/s/jeolythrs18jk9p/1200.gwas.imputed_v3.both_sexes.tsv.bgz?dl=0 -O 1200.gwas.imputed_v3.both_sexes.tsv.bgz,https://www.dropbox.com/s/jeolythrs18jk9p/1200.gwas.imputed_v3.both_sexes.tsv.bgz?dl=0
1239,Current tobacco smoking,http://biobank.ctsu.ox.ac.uk/crystal/field.cgi?id=1239,both_sexes,1239.gwas.imputed_v3.both_sexes.tsv.bgz,wget https://www.dropbox.com/s/nwqshg5soaayh03/1239.gwas.imputed_v3.both_sexes.tsv.bgz?dl=0 -O 1239.gwas.imputed_v3.both_sexes.tsv.bgz,https://www.dropbox.com/s/nwqshg5soaayh03/1239.gwas.imputed_v3.both_sexes.tsv.bgz?dl=0
1558,Alcohol intake frequency., http://biobank.ctsu.ox.ac.uk/crystal/field.cgi?id=1558,both_sexes,1558.gwas.imputed_v3.both_sexes.tsv.bgz,wget https://www.dropbox.com/s/bi7t4rekkhpa4ks/1558.gwas.imputed_v3.both_sexes.tsv.bgz?dl=0 -O 1558.gwas.imputed_v3.both_sexes.tsv.bgz,https://www.dropbox.com/s/bi7t4rekkhpa4ks/1558.gwas.imputed_v3.both_sexes.tsv.bgz?dl=0
1707_1,Handedness (chirality/laterality): Right-handed,http://biobank.ctsu.ox.ac.uk/crystal/field.cgi?id=1707,both_sexes,1707_1.gwas.imputed_v3.both_sexes.tsv.bgz,wget https://www.dropbox.com/s/k9n2vey3n0h7006/1707_1.gwas.imputed_v3.both_sexes.tsv.bgz?dl=0 -O 1707_1.gwas.imputed_v3.both_sexes.tsv.bgz,https://www.dropbox.com/s/k9n2vey3n0h7006/1707_1.gwas.imputed_v3.both_sexes.tsv.bgz?dl=0
1727,Ease of skin tanning,http://biobank.ctsu.ox.ac.uk/crystal/field.cgi?id=1727,both_sexes,1727.gwas.imputed_v3.both_sexes.tsv.bgz,wget https://www.dropbox.com/s/ovicwj2rivew250/1727.gwas.imputed_v3.both_sexes.tsv.bgz?dl=0 -O 1727.gwas.imputed_v3.both_sexes.tsv.bgz,https://www.dropbox.com/s/ovicwj2rivew250/1727.gwas.imputed_v3.both_sexes.tsv.bgz?dl=0
1717,Skin colour,http://biobank.ctsu.ox.ac.uk/crystal/field.cgi?id=1717,both_sexes,1717.gwas.imputed_v3.both_sexes.tsv.bgz,wget https://www.dropbox.com/s/vylf2wdxfpufw3e/1717.gwas.imputed_v3.both_sexes.tsv.bgz?dl=0 -O 1717.gwas.imputed_v3.both_sexes.tsv.bgz,https://www.dropbox.com/s/vylf2wdxfpufw3e/1717.gwas.imputed_v3.both_sexes.tsv.bgz?dl=0
1757,Facial ageing, http://biobank.ctsu.ox.ac.uk/crystal/field.cgi?id=1757,both_sexes,1757.gwas.imputed_v3.both_sexes.tsv.bgz,wget https://www.dropbox.com/s/zg1vsvsucf51ep2/1757.gwas.imputed_v3.both_sexes.tsv.bgz?dl=0 -O 1757.gwas.imputed_v3.both_sexes.tsv.bgz,https://www.dropbox.com/s/zg1vsvsucf51ep2/1757.gwas.imputed_v3.both_sexes.tsv.bgz?dl=0
1920,Mood swings,http://biobank.ctsu.ox.ac.uk/crystal/field.cgi?id=1920,both_sexes,1920.gwas.imputed_v3.both_sexes.tsv.bgz,wget https://www.dropbox.com/s/q4yv2y5u07z7qc6/1920.gwas.imputed_v3.both_sexes.tsv.bgz?dl=0 -O 1920.gwas.imputed_v3.both_sexes.tsv.bgz,https://www.dropbox.com/s/q4yv2y5u07z7qc6/1920.gwas.imputed_v3.both_sexes.tsv.bgz?dl=0
1930,Miserableness, http://biobank.ctsu.ox.ac.uk/crystal/field.cgi?id=1930,both_sexes,1930.gwas.imputed_v3.both_sexes.tsv.bgz,wget https://www.dropbox.com/s/hlkmteephfobvtp/1930.gwas.imputed_v3.both_sexes.tsv.bgz?dl=0 -O 1930.gwas.imputed_v3.both_sexes.tsv.bgz,https://www.dropbox.com/s/hlkmteephfobvtp/1930.gwas.imputed_v3.both_sexes.tsv.bgz?dl=0
1940,Irritability,http://biobank.ctsu.ox.ac.uk/crystal/field.cgi?id=1940,both_sexes,1940.gwas.imputed_v3.both_sexes.tsv.bgz,wget https://www.dropbox.com/s/ansrc58rcfmg5wy/1940.gwas.imputed_v3.both_sexes.tsv.bgz?dl=0 -O 1940.gwas.imputed_v3.both_sexes.tsv.bgz,https://www.dropbox.com/s/ansrc58rcfmg5wy/1940.gwas.imputed_v3.both_sexes.tsv.bgz?dl=0
1950,Sensitivity / hurt feelings,http://biobank.ctsu.ox.ac.uk/crystal/field.cgi?id=1950,both_sexes,1950.gwas.imputed_v3.both_sexes.tsv.bgz,wget https://www.dropbox.com/s/nkigpbomxvr0zq6/1950.gwas.imputed_v3.both_sexes.tsv.bgz?dl=0 -O 1950.gwas.imputed_v3.both_sexes.tsv.bgz,https://www.dropbox.com/s/nkigpbomxvr0zq6/1950.gwas.imputed_v3.both_sexes.tsv.bgz?dl=0
20001_1001,Cancer code- self-reported: lung cancer,http://biobank.ctsu.ox.ac.uk/crystal/field.cgi?id=20001,both_sexes,20001_1001.gwas.imputed_v3.both_sexes.tsv.bgz,wget https://www.dropbox.com/s/d9ovwwy6wqwjwru/20001_1001.gwas.imputed_v3.both_sexes.tsv.bgz?dl=0 -O 20001_1001.gwas.imputed_v3.both_sexes.tsv.bgz,https://www.dropbox.com/s/d9ovwwy6wqwjwru/20001_1001.gwas.imputed_v3.both_sexes.tsv.bgz?dl=0
20001_1003,Cancer code- self-reported: skin cancer,http://biobank.ctsu.ox.ac.uk/crystal/field.cgi?id=20001,both_sexes,20001_1003.gwas.imputed_v3.both_sexes.tsv.bgz,wget https://www.dropbox.com/s/av1gwjpwcq8plfo/20001_1003.gwas.imputed_v3.both_sexes.tsv.bgz?dl=0 -O 20001_1003.gwas.imputed_v3.both_sexes.tsv.bgz,https://www.dropbox.com/s/av1gwjpwcq8plfo/20001_1003.gwas.imputed_v3.both_sexes.tsv.bgz?dl=0
20001_1006,Cancer code- self-reported: larynx/throat cancer,http://biobank.ctsu.ox.ac.uk/crystal/field.cgi?id=20001,both_sexes,20001_1006.gwas.imputed_v3.both_sexes.tsv.bgz,wget https://www.dropbox.com/s/lzejrrx7qaj0w1x/20001_1006.gwas.imputed_v3.both_sexes.tsv.bgz?dl=0 -O 20001_1006.gwas.imputed_v3.both_sexes.tsv.bgz,https://www.dropbox.com/s/lzejrrx7qaj0w1x/20001_1006.gwas.imputed_v3.both_sexes.tsv.bgz?dl=0
20001_1020,Cancer code- self-reported: large bowel cancer/colorectal cancer,http://biobank.ctsu.ox.ac.uk/crystal/field.cgi?id=20001,both_sexes,20001_1020.gwas.imputed_v3.both_sexes.tsv.bgz,wget https://www.dropbox.com/s/gz6mhwe3m7z10gg/20001_1020.gwas.imputed_v3.both_sexes.tsv.bgz?dl=0 -O 20001_1020.gwas.imputed_v3.both_sexes.tsv.bgz,https://www.dropbox.com/s/gz6mhwe3m7z10gg/20001_1020.gwas.imputed_v3.both_sexes.tsv.bgz?dl=0
20001_1002,Cancer code- self-reported: breast cancer, http://biobank.ctsu.ox.ac.uk/crystal/field.cgi?id=20001,female,20001_1002.gwas.imputed_v3.female.tsv.bgz,wget https://www.dropbox.com/s/2hfdwdoh52pw64b/20001_1002.gwas.imputed_v3.female.tsv.bgz?dl=0 -O 20001_1002.gwas.imputed_v3.female.tsv.bgz,https://www.dropbox.com/s/2hfdwdoh52pw64b/20001_1002.gwas.imputed_v3.female.tsv.bgz?dl=0
20001_1044,Cancer code- self-reported: prostate cancer,http://biobank.ctsu.ox.ac.uk/crystal/field.cgi?id=20001,male,20001_1044.gwas.imputed_v3.male.tsv.bgz,wget https://www.dropbox.com/s/o26tih9j5umo1mw/20001_1044.gwas.imputed_v3.male.tsv.bgz?dl=0 -O 20001_1044.gwas.imputed_v3.male.tsv.bgz,https://www.dropbox.com/s/o26tih9j5umo1mw/20001_1044.gwas.imputed_v3.male.tsv.bgz?dl=0
20001_1048,Cancer code- self-reported: leukaemia, http://biobank.ctsu.ox.ac.uk/crystal/field.cgi?id=20001,both_sexes,20001_1048.gwas.imputed_v3.both_sexes.tsv.bgz,wget https://www.dropbox.com/s/1fmreyuv749xr7b/20001_1048.gwas.imputed_v3.both_sexes.tsv.bgz?dl=0 -O 20001_1048.gwas.imputed_v3.both_sexes.tsv.bgz,https://www.dropbox.com/s/1fmreyuv749xr7b/20001_1048.gwas.imputed_v3.both_sexes.tsv.bgz?dl=0
20001_1059,Cancer code- self-reported: malignant melanoma,http://biobank.ctsu.ox.ac.uk/crystal/field.cgi?id=20001,both_sexes,20001_1059.gwas.imputed_v3.both_sexes.tsv.bgz,wget https://www.dropbox.com/s/aw3bv7gxu0ck9e5/20001_1059.gwas.imputed_v3.both_sexes.tsv.bgz?dl=0 -O 20001_1059.gwas.imputed_v3.both_sexes.tsv.bgz,https://www.dropbox.com/s/aw3bv7gxu0ck9e5/20001_1059.gwas.imputed_v3.both_sexes.tsv.bgz?dl=0
20002_1065,Non-cancer illness code- self-reported: hypertension,http://biobank.ctsu.ox.ac.uk/crystal/field.cgi?id=20002,both_sexes,20002_1065.gwas.imputed_v3.both_sexes.tsv.bgz,wget https://www.dropbox.com/s/m8qlfp0cjnn4ka7/20002_1065.gwas.imputed_v3.both_sexes.tsv.bgz?dl=0 -O 20002_1065.gwas.imputed_v3.both_sexes.tsv.bgz,https://www.dropbox.com/s/m8qlfp0cjnn4ka7/20002_1065.gwas.imputed_v3.both_sexes.tsv.bgz?dl=0
20002_1066,Non-cancer illness code- self-reported: heart/cardiac problem, http://biobank.ctsu.ox.ac.uk/crystal/field.cgi?id=20002,both_sexes,20002_1066.gwas.imputed_v3.both_sexes.tsv.bgz,wget https://www.dropbox.com/s/cl6pi45us6xycdk/20002_1066.gwas.imputed_v3.both_sexes.tsv.bgz?dl=0 -O 20002_1066.gwas.imputed_v3.both_sexes.tsv.bgz,https://www.dropbox.com/s/cl6pi45us6xycdk/20002_1066.gwas.imputed_v3.both_sexes.tsv.bgz?dl=0
20002_1067,Non-cancer illness code- self-reported: peripheral vascular disease,http://biobank.ctsu.ox.ac.uk/crystal/field.cgi?id=20002,both_sexes,20002_1067.gwas.imputed_v3.both_sexes.tsv.bgz,wget https://www.dropbox.com/s/hvm2war4jsoa9ah/20002_1067.gwas.imputed_v3.both_sexes.tsv.bgz?dl=0 -O 20002_1067.gwas.imputed_v3.both_sexes.tsv.bgz,https://www.dropbox.com/s/hvm2war4jsoa9ah/20002_1067.gwas.imputed_v3.both_sexes.tsv.bgz?dl=0
20002_1074,Non-cancer illness code- self-reported: angina,http://biobank.ctsu.ox.ac.uk/crystal/field.cgi?id=20002,both_sexes,20002_1074.gwas.imputed_v3.both_sexes.tsv.bgz,wget https://www.dropbox.com/s/ax3w7tbr7orzpw9/20002_1074.gwas.imputed_v3.both_sexes.tsv.bgz?dl=0 -O 20002_1074.gwas.imputed_v3.both_sexes.tsv.bgz,https://www.dropbox.com/s/ax3w7tbr7orzpw9/20002_1074.gwas.imputed_v3.both_sexes.tsv.bgz?dl=0
20002_1075,Non-cancer illness code- self-reported: heart attack/myocardial infarction,http://biobank.ctsu.ox.ac.uk/crystal/field.cgi?id=20002,both_sexes,20002_1075.gwas.imputed_v3.both_sexes.tsv.bgz,wget https://www.dropbox.com/s/gmnx7i3x8lu9yvl/20002_1075.gwas.imputed_v3.both_sexes.tsv.bgz?dl=0 -O 20002_1075.gwas.imputed_v3.both_sexes.tsv.bgz,https://www.dropbox.com/s/gmnx7i3x8lu9yvl/20002_1075.gwas.imputed_v3.both_sexes.tsv.bgz?dl=0
20002_1077,Non-cancer illness code- self-reported: heart arrhythmia,http://biobank.ctsu.ox.ac.uk/crystal/field.cgi?id=20002,both_sexes,20002_1077.gwas.imputed_v3.both_sexes.tsv.bgz,wget https://www.dropbox.com/s/51hrmeg9qildrzh/20002_1077.gwas.imputed_v3.both_sexes.tsv.bgz?dl=0 -O 20002_1077.gwas.imputed_v3.both_sexes.tsv.bgz,https://www.dropbox.com/s/51hrmeg9qildrzh/20002_1077.gwas.imputed_v3.both_sexes.tsv.bgz?dl=0
20002_1079,Non-cancer illness code- self-reported: cardiomyopathy,http://biobank.ctsu.ox.ac.uk/crystal/field.cgi?id=20002,both_sexes,20002_1079.gwas.imputed_v3.both_sexes.tsv.bgz,wget https://www.dropbox.com/s/mwc0j26i383ts5n/20002_1079.gwas.imputed_v3.both_sexes.tsv.bgz?dl=0 -O 20002_1079.gwas.imputed_v3.both_sexes.tsv.bgz,https://www.dropbox.com/s/mwc0j26i383ts5n/20002_1079.gwas.imputed_v3.both_sexes.tsv.bgz?dl=0
20002_1081,Non-cancer illness code- self-reported: stroke,http://biobank.ctsu.ox.ac.uk/crystal/field.cgi?id=20002,both_sexes,20002_1081.gwas.imputed_v3.both_sexes.tsv.bgz,wget https://www.dropbox.com/s/kguvbl8va7cm3xy/20002_1081.gwas.imputed_v3.both_sexes.tsv.bgz?dl=0 -O 20002_1081.gwas.imputed_v3.both_sexes.tsv.bgz,https://www.dropbox.com/s/kguvbl8va7cm3xy/20002_1081.gwas.imputed_v3.both_sexes.tsv.bgz?dl=0
20002_1111,Non-cancer illness code- self-reported: asthma,http://biobank.ctsu.ox.ac.uk/crystal/field.cgi?id=20002,both_sexes,20002_1111.gwas.imputed_v3.both_sexes.tsv.bgz,wget https://www.dropbox.com/s/kp9bollwekaco0s/20002_1111.gwas.imputed_v3.both_sexes.tsv.bgz?dl=0 -O 20002_1111.gwas.imputed_v3.both_sexes.tsv.bgz,https://www.dropbox.com/s/kp9bollwekaco0s/20002_1111.gwas.imputed_v3.both_sexes.tsv.bgz?dl=0
20002_1123,Non-cancer illness code- self-reported: sleep apnoea,http://biobank.ctsu.ox.ac.uk/crystal/field.cgi?id=20002,both_sexes,20002_1123.gwas.imputed_v3.both_sexes.tsv.bgz,wget https://www.dropbox.com/s/usa33tjp4stlrlh/20002_1123.gwas.imputed_v3.both_sexes.tsv.bgz?dl=0 -O 20002_1123.gwas.imputed_v3.both_sexes.tsv.bgz,https://www.dropbox.com/s/usa33tjp4stlrlh/20002_1123.gwas.imputed_v3.both_sexes.tsv.bgz?dl=0
20002_1135,Non-cancer illness code- self-reported: stomach disorder,http://biobank.ctsu.ox.ac.uk/crystal/field.cgi?id=20002,both_sexes,20002_1135.gwas.imputed_v3.both_sexes.tsv.bgz,wget https://www.dropbox.com/s/gr3l3t8u92nxw24/20002_1135.gwas.imputed_v3.both_sexes.tsv.bgz?dl=0 -O 20002_1135.gwas.imputed_v3.both_sexes.tsv.bgz,https://www.dropbox.com/s/gr3l3t8u92nxw24/20002_1135.gwas.imputed_v3.both_sexes.tsv.bgz?dl=0
20002_1136,Non-cancer illness code- self-reported: liver/biliary/pancreas problem,http://biobank.ctsu.ox.ac.uk/crystal/field.cgi?id=20002,both_sexes,20002_1136.gwas.imputed_v3.both_sexes.tsv.bgz,wget https://www.dropbox.com/s/np0u2zrj1i46z8i/20002_1136.gwas.imputed_v3.both_sexes.tsv.bgz?dl=0 -O 20002_1136.gwas.imputed_v3.both_sexes.tsv.bgz,https://www.dropbox.com/s/np0u2zrj1i46z8i/20002_1136.gwas.imputed_v3.both_sexes.tsv.bgz?dl=0
20002_1154,Non-cancer illness code- self-reported: irritable bowel syndrome,http://biobank.ctsu.ox.ac.uk/crystal/field.cgi?id=20002,both_sexes,20002_1154.gwas.imputed_v3.both_sexes.tsv.bgz,wget https://www.dropbox.com/s/u9k3mzvj0fuvi9g/20002_1154.gwas.imputed_v3.both_sexes.tsv.bgz?dl=0 -O 20002_1154.gwas.imputed_v3.both_sexes.tsv.bgz,https://www.dropbox.com/s/u9k3mzvj0fuvi9g/20002_1154.gwas.imputed_v3.both_sexes.tsv.bgz?dl=0
20002_1155,Non-cancer illness code- self-reported: hepatitis, http://biobank.ctsu.ox.ac.uk/crystal/field.cgi?id=20002,both_sexes,20002_1155.gwas.imputed_v3.both_sexes.tsv.bgz,wget https://www.dropbox.com/s/bjzcpkkuaca59dt/20002_1155.gwas.imputed_v3.both_sexes.tsv.bgz?dl=0 -O 20002_1155.gwas.imputed_v3.both_sexes.tsv.bgz,https://www.dropbox.com/s/bjzcpkkuaca59dt/20002_1155.gwas.imputed_v3.both_sexes.tsv.bgz?dl=0
20002_1201,Non-cancer illness code- self-reported: bladder problem (not cancer),http://biobank.ctsu.ox.ac.uk/crystal/field.cgi?id=20002,both_sexes,20002_1201.gwas.imputed_v3.both_sexes.tsv.bgz,wget https://www.dropbox.com/s/6zp4kzjwk9qsm5g/20002_1201.gwas.imputed_v3.both_sexes.tsv.bgz?dl=0 -O 20002_1201.gwas.imputed_v3.both_sexes.tsv.bgz,https://www.dropbox.com/s/6zp4kzjwk9qsm5g/20002_1201.gwas.imputed_v3.both_sexes.tsv.bgz?dl=0
20002_1220,Non-cancer illness code- self-reported: diabetes,http://biobank.ctsu.ox.ac.uk/crystal/field.cgi?id=20002,both_sexes,20002_1220.gwas.imputed_v3.both_sexes.tsv.bgz,wget https://www.dropbox.com/s/ese72oyg9aly43x/20002_1220.gwas.imputed_v3.both_sexes.tsv.bgz?dl=0 -O 20002_1220.gwas.imputed_v3.both_sexes.tsv.bgz,https://www.dropbox.com/s/ese72oyg9aly43x/20002_1220.gwas.imputed_v3.both_sexes.tsv.bgz?dl=0
20002_1224,Non-cancer illness code- self-reported: thyroid problem (not cancer),http://biobank.ctsu.ox.ac.uk/crystal/field.cgi?id=20002,both_sexes,20002_1224.gwas.imputed_v3.both_sexes.tsv.bgz,wget https://www.dropbox.com/s/8dh1fyby3fhyrq0/20002_1224.gwas.imputed_v3.both_sexes.tsv.bgz?dl=0 -O 20002_1224.gwas.imputed_v3.both_sexes.tsv.bgz,https://www.dropbox.com/s/8dh1fyby3fhyrq0/20002_1224.gwas.imputed_v3.both_sexes.tsv.bgz?dl=0
20002_1261,Non-cancer illness code- self-reported: multiple sclerosis,http://biobank.ctsu.ox.ac.uk/crystal/field.cgi?id=20002,both_sexes,20002_1261.gwas.imputed_v3.both_sexes.tsv.bgz,wget https://www.dropbox.com/s/hjzydz4jyjjg4fx/20002_1261.gwas.imputed_v3.both_sexes.tsv.bgz?dl=0 -O 20002_1261.gwas.imputed_v3.both_sexes.tsv.bgz,https://www.dropbox.com/s/hjzydz4jyjjg4fx/20002_1261.gwas.imputed_v3.both_sexes.tsv.bgz?dl=0
20002_1262,Non-cancer illness code- self-reported: parkinsons disease,http://biobank.ctsu.ox.ac.uk/crystal/field.cgi?id=20002,both_sexes,20002_1262.gwas.imputed_v3.both_sexes.tsv.bgz,wget https://www.dropbox.com/s/34m69mqihxr55s3/20002_1262.gwas.imputed_v3.both_sexes.tsv.bgz?dl=0 -O 20002_1262.gwas.imputed_v3.both_sexes.tsv.bgz,https://www.dropbox.com/s/34m69mqihxr55s3/20002_1262.gwas.imputed_v3.both_sexes.tsv.bgz?dl=0
20002_1264,Non-cancer illness code- self-reported: epilepsy,http://biobank.ctsu.ox.ac.uk/crystal/field.cgi?id=20002,both_sexes,20002_1264.gwas.imputed_v3.both_sexes.tsv.bgz,wget https://www.dropbox.com/s/e4kyn2lyl7jstk3/20002_1264.gwas.imputed_v3.both_sexes.tsv.bgz?dl=0 -O 20002_1264.gwas.imputed_v3.both_sexes.tsv.bgz,https://www.dropbox.com/s/e4kyn2lyl7jstk3/20002_1264.gwas.imputed_v3.both_sexes.tsv.bgz?dl=0
20002_1265,Non-cancer illness code- self-reported: migraine,http://biobank.ctsu.ox.ac.uk/crystal/field.cgi?id=20002,both_sexes,20002_1265.gwas.imputed_v3.both_sexes.tsv.bgz,wget https://www.dropbox.com/s/xany7ounpen5iib/20002_1265.gwas.imputed_v3.both_sexes.tsv.bgz?dl=0 -O 20002_1265.gwas.imputed_v3.both_sexes.tsv.bgz,https://www.dropbox.com/s/xany7ounpen5iib/20002_1265.gwas.imputed_v3.both_sexes.tsv.bgz?dl=0
20002_1286,Non-cancer illness code- self-reported: depression,http://biobank.ctsu.ox.ac.uk/crystal/field.cgi?id=20002,both_sexes,20002_1286.gwas.imputed_v3.both_sexes.tsv.bgz,wget https://www.dropbox.com/s/iti2uh5tvhkphg5/20002_1286.gwas.imputed_v3.both_sexes.tsv.bgz?dl=0 -O 20002_1286.gwas.imputed_v3.both_sexes.tsv.bgz,https://www.dropbox.com/s/iti2uh5tvhkphg5/20002_1286.gwas.imputed_v3.both_sexes.tsv.bgz?dl=0
20002_1287,Non-cancer illness code- self-reported: anxiety/panic attacks, http://biobank.ctsu.ox.ac.uk/crystal/field.cgi?id=20002,both_sexes,20002_1287.gwas.imputed_v3.both_sexes.tsv.bgz,wget https://www.dropbox.com/s/f7p36mktirfbs2h/20002_1287.gwas.imputed_v3.both_sexes.tsv.bgz?dl=0 -O 20002_1287.gwas.imputed_v3.both_sexes.tsv.bgz,https://www.dropbox.com/s/f7p36mktirfbs2h/20002_1287.gwas.imputed_v3.both_sexes.tsv.bgz?dl=0
20002_1288,Non-cancer illness code- self-reported: nervous breakdown, http://biobank.ctsu.ox.ac.uk/crystal/field.cgi?id=20002,both_sexes,20002_1288.gwas.imputed_v3.both_sexes.tsv.bgz,wget https://www.dropbox.com/s/4t3ub0cmp2qy3n2/20002_1288.gwas.imputed_v3.both_sexes.tsv.bgz?dl=0 -O 20002_1288.gwas.imputed_v3.both_sexes.tsv.bgz,https://www.dropbox.com/s/4t3ub0cmp2qy3n2/20002_1288.gwas.imputed_v3.both_sexes.tsv.bgz?dl=0
20002_1289,Non-cancer illness code- self-reported: schizophrenia, http://biobank.ctsu.ox.ac.uk/crystal/field.cgi?id=20002,both_sexes,20002_1289.gwas.imputed_v3.both_sexes.tsv.bgz,wget https://www.dropbox.com/s/sgtlrx2yvofwc6l/20002_1289.gwas.imputed_v3.both_sexes.tsv.bgz?dl=0 -O 20002_1289.gwas.imputed_v3.both_sexes.tsv.bgz,https://www.dropbox.com/s/sgtlrx2yvofwc6l/20002_1289.gwas.imputed_v3.both_sexes.tsv.bgz?dl=0
20002_1290,Non-cancer illness code- self-reported: deliberate self-harm/suicide attempt,http://biobank.ctsu.ox.ac.uk/crystal/field.cgi?id=20002,both_sexes,20002_1290.gwas.imputed_v3.both_sexes.tsv.bgz,wget https://www.dropbox.com/s/j9kb5zo2u94cxd8/20002_1290.gwas.imputed_v3.both_sexes.tsv.bgz?dl=0 -O 20002_1290.gwas.imputed_v3.both_sexes.tsv.bgz,https://www.dropbox.com/s/j9kb5zo2u94cxd8/20002_1290.gwas.imputed_v3.both_sexes.tsv.bgz?dl=0
20002_1291,Non-cancer illness code- self-reported: mania/bipolar disorder/manic depression,http://biobank.ctsu.ox.ac.uk/crystal/field.cgi?id=20002,both_sexes,20002_1291.gwas.imputed_v3.both_sexes.tsv.bgz,wget https://www.dropbox.com/s/b6nbozuljjl4lmh/20002_1291.gwas.imputed_v3.both_sexes.tsv.bgz?dl=0 -O 20002_1291.gwas.imputed_v3.both_sexes.tsv.bgz,https://www.dropbox.com/s/b6nbozuljjl4lmh/20002_1291.gwas.imputed_v3.both_sexes.tsv.bgz?dl=0
20002_1294,Non-cancer illness code- self-reported: back problem,http://biobank.ctsu.ox.ac.uk/crystal/field.cgi?id=20002,both_sexes,20002_1294.gwas.imputed_v3.both_sexes.tsv.bgz,wget https://www.dropbox.com/s/0qj7oojev03ulnt/20002_1294.gwas.imputed_v3.both_sexes.tsv.bgz?dl=0 -O 20002_1294.gwas.imputed_v3.both_sexes.tsv.bgz,https://www.dropbox.com/s/0qj7oojev03ulnt/20002_1294.gwas.imputed_v3.both_sexes.tsv.bgz?dl=0
20002_1297,Non-cancer illness code- self-reported: muscle/soft tissue problem,http://biobank.ctsu.ox.ac.uk/crystal/field.cgi?id=20002,both_sexes,20002_1297.gwas.imputed_v3.both_sexes.tsv.bgz,wget https://www.dropbox.com/s/8wx7ojyk8a5vsl6/20002_1297.gwas.imputed_v3.both_sexes.tsv.bgz?dl=0 -O 20002_1297.gwas.imputed_v3.both_sexes.tsv.bgz,https://www.dropbox.com/s/8wx7ojyk8a5vsl6/20002_1297.gwas.imputed_v3.both_sexes.tsv.bgz?dl=0
20002_1374,Non-cancer illness code- self-reported: allergy/hypersensitivity/anaphylaxis,http://biobank.ctsu.ox.ac.uk/crystal/field.cgi?id=20002,both_sexes,20002_1374.gwas.imputed_v3.both_sexes.tsv.bgz,wget https://www.dropbox.com/s/rjgz1zstj5y4xle/20002_1374.gwas.imputed_v3.both_sexes.tsv.bgz?dl=0 -O 20002_1374.gwas.imputed_v3.both_sexes.tsv.bgz,https://www.dropbox.com/s/rjgz1zstj5y4xle/20002_1374.gwas.imputed_v3.both_sexes.tsv.bgz?dl=0
20002_1377,Non-cancer illness code- self-reported: polymyalgia rheumatica,http://biobank.ctsu.ox.ac.uk/crystal/field.cgi?id=20002,both_sexes,20002_1377.gwas.imputed_v3.both_sexes.tsv.bgz,wget https://www.dropbox.com/s/ubqfb23ztjruodq/20002_1377.gwas.imputed_v3.both_sexes.tsv.bgz?dl=0 -O 20002_1377.gwas.imputed_v3.both_sexes.tsv.bgz,https://www.dropbox.com/s/ubqfb23ztjruodq/20002_1377.gwas.imputed_v3.both_sexes.tsv.bgz?dl=0
20002_1387,Non-cancer illness code- self-reported: hayfever/allergic rhinitis,http://biobank.ctsu.ox.ac.uk/crystal/field.cgi?id=20002,both_sexes,20002_1387.gwas.imputed_v3.both_sexes.tsv.bgz,wget https://www.dropbox.com/s/9zrzjw9fp8seo4m/20002_1387.gwas.imputed_v3.both_sexes.tsv.bgz?dl=0 -O 20002_1387.gwas.imputed_v3.both_sexes.tsv.bgz,https://www.dropbox.com/s/9zrzjw9fp8seo4m/20002_1387.gwas.imputed_v3.both_sexes.tsv.bgz?dl=0
20002_1396,Non-cancer illness code- self-reported: enlarged prostate, http://biobank.ctsu.ox.ac.uk/crystal/field.cgi?id=20002,male,20002_1396.gwas.imputed_v3.male.tsv.bgz,wget https://www.dropbox.com/s/w1p8lyjnixzo80f/20002_1396.gwas.imputed_v3.male.tsv.bgz?dl=0 -O 20002_1396.gwas.imputed_v3.male.tsv.bgz,https://www.dropbox.com/s/w1p8lyjnixzo80f/20002_1396.gwas.imputed_v3.male.tsv.bgz?dl=0
20002_1408,Non-cancer illness code- self-reported: alcohol dependency,http://biobank.ctsu.ox.ac.uk/crystal/field.cgi?id=20002,both_sexes,20002_1408.gwas.imputed_v3.both_sexes.tsv.bgz,wget https://www.dropbox.com/s/xe7hjutgjfscrd5/20002_1408.gwas.imputed_v3.both_sexes.tsv.bgz?dl=0 -O 20002_1408.gwas.imputed_v3.both_sexes.tsv.bgz,https://www.dropbox.com/s/xe7hjutgjfscrd5/20002_1408.gwas.imputed_v3.both_sexes.tsv.bgz?dl=0
20002_1425,Non-cancer illness code- self-reported: cerebral aneurysm, http://biobank.ctsu.ox.ac.uk/crystal/field.cgi?id=20002,both_sexes,20002_1425.gwas.imputed_v3.both_sexes.tsv.bgz,wget https://www.dropbox.com/s/vqc8xz1lpsnfx61/20002_1425.gwas.imputed_v3.both_sexes.tsv.bgz?dl=0 -O 20002_1425.gwas.imputed_v3.both_sexes.tsv.bgz,https://www.dropbox.com/s/vqc8xz1lpsnfx61/20002_1425.gwas.imputed_v3.both_sexes.tsv.bgz?dl=0
20002_1440,Non-cancer illness code- self-reported: tuberculosis (tb), http://biobank.ctsu.ox.ac.uk/crystal/field.cgi?id=20002,both_sexes,20002_1440.gwas.imputed_v3.both_sexes.tsv.bgz,wget https://www.dropbox.com/s/k47dr8czi0iicw3/20002_1440.gwas.imputed_v3.both_sexes.tsv.bgz?dl=0 -O 20002_1440.gwas.imputed_v3.both_sexes.tsv.bgz,https://www.dropbox.com/s/k47dr8czi0iicw3/20002_1440.gwas.imputed_v3.both_sexes.tsv.bgz?dl=0
20002_1446,Non-cancer illness code- self-reported: anaemia,http://biobank.ctsu.ox.ac.uk/crystal/field.cgi?id=20002,both_sexes,20002_1446.gwas.imputed_v3.both_sexes.tsv.bgz,wget https://www.dropbox.com/s/n6q312h9f2u2wa5/20002_1446.gwas.imputed_v3.both_sexes.tsv.bgz?dl=0 -O 20002_1446.gwas.imputed_v3.both_sexes.tsv.bgz,https://www.dropbox.com/s/n6q312h9f2u2wa5/20002_1446.gwas.imputed_v3.both_sexes.tsv.bgz?dl=0
20002_1453,Non-cancer illness code- self-reported: psoriasis, http://biobank.ctsu.ox.ac.uk/crystal/field.cgi?id=20002,both_sexes,20002_1453.gwas.imputed_v3.both_sexes.tsv.bgz,wget https://www.dropbox.com/s/w6brn6rzbdao6q5/20002_1453.gwas.imputed_v3.both_sexes.tsv.bgz?dl=0 -O 20002_1453.gwas.imputed_v3.both_sexes.tsv.bgz,https://www.dropbox.com/s/w6brn6rzbdao6q5/20002_1453.gwas.imputed_v3.both_sexes.tsv.bgz?dl=0
20002_1462,Non-cancer illness code- self-reported: crohns disease,http://biobank.ctsu.ox.ac.uk/crystal/field.cgi?id=20002,both_sexes,20002_1462.gwas.imputed_v3.both_sexes.tsv.bgz,wget https://www.dropbox.com/s/gml5xbijy7f1clx/20002_1462.gwas.imputed_v3.both_sexes.tsv.bgz?dl=0 -O 20002_1462.gwas.imputed_v3.both_sexes.tsv.bgz,https://www.dropbox.com/s/gml5xbijy7f1clx/20002_1462.gwas.imputed_v3.both_sexes.tsv.bgz?dl=0
20002_1464,Non-cancer illness code- self-reported: rheumatoid arthritis,http://biobank.ctsu.ox.ac.uk/crystal/field.cgi?id=20002,both_sexes,20002_1464.gwas.imputed_v3.both_sexes.tsv.bgz,wget https://www.dropbox.com/s/od2x3pcgj335dc6/20002_1464.gwas.imputed_v3.both_sexes.tsv.bgz?dl=0 -O 20002_1464.gwas.imputed_v3.both_sexes.tsv.bgz,https://www.dropbox.com/s/od2x3pcgj335dc6/20002_1464.gwas.imputed_v3.both_sexes.tsv.bgz?dl=0
20002_1473,Non-cancer illness code- self-reported: high cholesterol,http://biobank.ctsu.ox.ac.uk/crystal/field.cgi?id=20002,both_sexes,20002_1473.gwas.imputed_v3.both_sexes.tsv.bgz,wget https://www.dropbox.com/s/if4g01wvk0zt9iu/20002_1473.gwas.imputed_v3.both_sexes.tsv.bgz?dl=0 -O 20002_1473.gwas.imputed_v3.both_sexes.tsv.bgz,https://www.dropbox.com/s/if4g01wvk0zt9iu/20002_1473.gwas.imputed_v3.both_sexes.tsv.bgz?dl=0
20002_1500,Non-cancer illness code- self-reported: vertigo,http://biobank.ctsu.ox.ac.uk/crystal/field.cgi?id=20002,both_sexes,20002_1500.gwas.imputed_v3.both_sexes.tsv.bgz,wget https://www.dropbox.com/s/yzqpsimc46jmnvp/20002_1500.gwas.imputed_v3.both_sexes.tsv.bgz?dl=0 -O 20002_1500.gwas.imputed_v3.both_sexes.tsv.bgz,https://www.dropbox.com/s/yzqpsimc46jmnvp/20002_1500.gwas.imputed_v3.both_sexes.tsv.bgz?dl=0
20002_1534,Non-cancer illness code- self-reported: back pain, http://biobank.ctsu.ox.ac.uk/crystal/field.cgi?id=20002,both_sexes,20002_1534.gwas.imputed_v3.both_sexes.tsv.bgz,wget https://www.dropbox.com/s/561xtghy1iqr0tg/20002_1534.gwas.imputed_v3.both_sexes.tsv.bgz?dl=0 -O 20002_1534.gwas.imputed_v3.both_sexes.tsv.bgz,https://www.dropbox.com/s/561xtghy1iqr0tg/20002_1534.gwas.imputed_v3.both_sexes.tsv.bgz?dl=0
20002_1614,Non-cancer illness code- self-reported: stress,http://biobank.ctsu.ox.ac.uk/crystal/field.cgi?id=20002,both_sexes,20002_1614.gwas.imputed_v3.both_sexes.tsv.bgz,wget https://www.dropbox.com/s/peukvbyrwthct0w/20002_1614.gwas.imputed_v3.both_sexes.tsv.bgz?dl=0 -O 20002_1614.gwas.imputed_v3.both_sexes.tsv.bgz,https://www.dropbox.com/s/peukvbyrwthct0w/20002_1614.gwas.imputed_v3.both_sexes.tsv.bgz?dl=0
20016_irnt,Fluid intelligence score,http://biobank.ctsu.ox.ac.uk/crystal/field.cgi?id=20016,both_sexes,20016_irnt.gwas.imputed_v3.both_sexes.tsv.bgz,wget https://www.dropbox.com/s/t3lrfj1id8133sx/20016_irnt.gwas.imputed_v3.both_sexes.tsv.bgz?dl=0 -O 20016_irnt.gwas.imputed_v3.both_sexes.tsv.bgz,https://www.dropbox.com/s/t3lrfj1id8133sx/20016_irnt.gwas.imputed_v3.both_sexes.tsv.bgz?dl=0
20018, Prospective memory result, http://biobank.ctsu.ox.ac.uk/crystal/field.cgi?id=20018,both_sexes,20018.gwas.imputed_v3.both_sexes.tsv.bgz,wget https://www.dropbox.com/s/j6mde051pl8k8vu/20018.gwas.imputed_v3.both_sexes.tsv.bgz?dl=0 -O 20018.gwas.imputed_v3.both_sexes.tsv.bgz,https://www.dropbox.com/s/j6mde051pl8k8vu/20018.gwas.imputed_v3.both_sexes.tsv.bgz?dl=0
20023_irnt,Mean time to correctly identify matches,http://biobank.ctsu.ox.ac.uk/crystal/field.cgi?id=20023,both_sexes,20023_irnt.gwas.imputed_v3.both_sexes.tsv.bgz,wget https://www.dropbox.com/s/ysx8s20g8la9lm1/20023_irnt.gwas.imputed_v3.both_sexes.tsv.bgz?dl=0 -O 20023_irnt.gwas.imputed_v3.both_sexes.tsv.bgz,https://www.dropbox.com/s/ysx8s20g8la9lm1/20023_irnt.gwas.imputed_v3.both_sexes.tsv.bgz?dl=0
20122, Bipolar disorder status,http://biobank.ctsu.ox.ac.uk/crystal/field.cgi?id=20122,both_sexes,20122.gwas.imputed_v3.both_sexes.tsv.bgz,wget https://www.dropbox.com/s/mfbzsp06740udn7/20122.gwas.imputed_v3.both_sexes.tsv.bgz?dl=0 -O 20122.gwas.imputed_v3.both_sexes.tsv.bgz,https://www.dropbox.com/s/mfbzsp06740udn7/20122.gwas.imputed_v3.both_sexes.tsv.bgz?dl=0
20127_irnt,Neuroticism score, http://biobank.ctsu.ox.ac.uk/crystal/field.cgi?id=20127,both_sexes,20127_irnt.gwas.imputed_v3.both_sexes.tsv.bgz,wget https://www.dropbox.com/s/2tmztdqxlt8lt5r/20127_irnt.gwas.imputed_v3.both_sexes.tsv.bgz?dl=0 -O 20127_irnt.gwas.imputed_v3.both_sexes.tsv.bgz,https://www.dropbox.com/s/2tmztdqxlt8lt5r/20127_irnt.gwas.imputed_v3.both_sexes.tsv.bgz?dl=0
2020,Loneliness- isolation, http://biobank.ctsu.ox.ac.uk/crystal/field.cgi?id=2020,both_sexes,2020.gwas.imputed_v3.both_sexes.tsv.bgz,wget https://www.dropbox.com/s/nf4jl3mdppu1ng8/2020.gwas.imputed_v3.both_sexes.tsv.bgz?dl=0 -O 2020.gwas.imputed_v3.both_sexes.tsv.bgz,https://www.dropbox.com/s/nf4jl3mdppu1ng8/2020.gwas.imputed_v3.both_sexes.tsv.bgz?dl=0
2030,Guilty feelings,http://biobank.ctsu.ox.ac.uk/crystal/field.cgi?id=2030,both_sexes,2030.gwas.imputed_v3.both_sexes.tsv.bgz,wget https://www.dropbox.com/s/ii98y8blhuanfvj/2030.gwas.imputed_v3.both_sexes.tsv.bgz?dl=0 -O 2030.gwas.imputed_v3.both_sexes.tsv.bgz,https://www.dropbox.com/s/ii98y8blhuanfvj/2030.gwas.imputed_v3.both_sexes.tsv.bgz?dl=0
2040,Risk taking,http://biobank.ctsu.ox.ac.uk/crystal/field.cgi?id=2040,both_sexes,2040.gwas.imputed_v3.both_sexes.tsv.bgz,wget https://www.dropbox.com/s/f1z5qgn4nskjrzs/2040.gwas.imputed_v3.both_sexes.tsv.bgz?dl=0 -O 2040.gwas.imputed_v3.both_sexes.tsv.bgz,https://www.dropbox.com/s/f1z5qgn4nskjrzs/2040.gwas.imputed_v3.both_sexes.tsv.bgz?dl=0
20401, Ever addicted to any substance or behaviour,http://biobank.ctsu.ox.ac.uk/crystal/field.cgi?id=20401,both_sexes,20401.gwas.imputed_v3.both_sexes.tsv.bgz,wget https://www.dropbox.com/s/sfna9ljbck9ggfy/20401.gwas.imputed_v3.both_sexes.tsv.bgz?dl=0 -O 20401.gwas.imputed_v3.both_sexes.tsv.bgz,https://www.dropbox.com/s/sfna9ljbck9ggfy/20401.gwas.imputed_v3.both_sexes.tsv.bgz?dl=0
20404, Ever physically dependent on alcohol,http://biobank.ctsu.ox.ac.uk/crystal/field.cgi?id=20404,both_sexes,20404.gwas.imputed_v3.both_sexes.tsv.bgz,wget https://www.dropbox.com/s/gp3faggur90a1yr/20404.gwas.imputed_v3.both_sexes.tsv.bgz?dl=0 -O 20404.gwas.imputed_v3.both_sexes.tsv.bgz,https://www.dropbox.com/s/gp3faggur90a1yr/20404.gwas.imputed_v3.both_sexes.tsv.bgz?dl=0
20403, Amount of alcohol drunk on a typical drinking day, http://biobank.ctsu.ox.ac.uk/crystal/field.cgi?id=20403,both_sexes,20403.gwas.imputed_v3.both_sexes.tsv.bgz,wget https://www.dropbox.com/s/58ssjbuxem71eik/20403.gwas.imputed_v3.both_sexes.tsv.bgz?dl=0 -O 20403.gwas.imputed_v3.both_sexes.tsv.bgz,https://www.dropbox.com/s/58ssjbuxem71eik/20403.gwas.imputed_v3.both_sexes.tsv.bgz?dl=0
20408, Frequency of memory loss due to drinking alcohol in last year, http://biobank.ctsu.ox.ac.uk/crystal/field.cgi?id=20408,both_sexes,20408.gwas.imputed_v3.both_sexes.tsv.bgz,wget https://www.dropbox.com/s/1xxakv5ns6993dj/20408.gwas.imputed_v3.both_sexes.tsv.bgz?dl=0 -O 20408.gwas.imputed_v3.both_sexes.tsv.bgz,https://www.dropbox.com/s/1xxakv5ns6993dj/20408.gwas.imputed_v3.both_sexes.tsv.bgz?dl=0
20416, Frequency of consuming six or more units of alcohol,http://biobank.ctsu.ox.ac.uk/crystal/field.cgi?id=20416,both_sexes,20416.gwas.imputed_v3.both_sexes.tsv.bgz,wget https://www.dropbox.com/s/0wvm39kpuudrxf5/20416.gwas.imputed_v3.both_sexes.tsv.bgz?dl=0 -O 20416.gwas.imputed_v3.both_sexes.tsv.bgz,https://www.dropbox.com/s/0wvm39kpuudrxf5/20416.gwas.imputed_v3.both_sexes.tsv.bgz?dl=0
20420_irnt,Longest period spent worried or anxious,http://biobank.ctsu.ox.ac.uk/crystal/field.cgi?id=20420,both_sexes,20420_irnt.gwas.imputed_v3.both_sexes.tsv.bgz,wget https://www.dropbox.com/s/lyy6vw7j646wh9y/20420_irnt.gwas.imputed_v3.both_sexes.tsv.bgz?dl=0 -O 20420_irnt.gwas.imputed_v3.both_sexes.tsv.bgz,https://www.dropbox.com/s/lyy6vw7j646wh9y/20420_irnt.gwas.imputed_v3.both_sexes.tsv.bgz?dl=0
20453, Ever taken cannabis,http://biobank.ctsu.ox.ac.uk/crystal/field.cgi?id=20453,both_sexes,20453.gwas.imputed_v3.both_sexes.tsv.bgz,wget https://www.dropbox.com/s/m6frhnk184rd7uz/20453.gwas.imputed_v3.both_sexes.tsv.bgz?dl=0 -O 20453.gwas.imputed_v3.both_sexes.tsv.bgz,https://www.dropbox.com/s/m6frhnk184rd7uz/20453.gwas.imputed_v3.both_sexes.tsv.bgz?dl=0
20454, Maximum frequency of taking cannabis,http://biobank.ctsu.ox.ac.uk/crystal/field.cgi?id=20454,both_sexes,20454.gwas.imputed_v3.both_sexes.tsv.bgz,wget https://www.dropbox.com/s/t9xshhsr8ku5qv4/20454.gwas.imputed_v3.both_sexes.tsv.bgz?dl=0 -O 20454.gwas.imputed_v3.both_sexes.tsv.bgz,https://www.dropbox.com/s/t9xshhsr8ku5qv4/20454.gwas.imputed_v3.both_sexes.tsv.bgz?dl=0
20456, Ever addicted to illicit or recreational drugs,http://biobank.ctsu.ox.ac.uk/crystal/field.cgi?id=20456,both_sexes,20456.gwas.imputed_v3.both_sexes.tsv.bgz,wget https://www.dropbox.com/s/dg34j6wjra8py7v/20456.gwas.imputed_v3.both_sexes.tsv.bgz?dl=0 -O 20456.gwas.imputed_v3.both_sexes.tsv.bgz,https://www.dropbox.com/s/dg34j6wjra8py7v/20456.gwas.imputed_v3.both_sexes.tsv.bgz?dl=0
20458, General happiness, http://biobank.ctsu.ox.ac.uk/crystal/field.cgi?id=20458,both_sexes,20458.gwas.imputed_v3.both_sexes.tsv.bgz,wget https://www.dropbox.com/s/uxeszythltb6mqd/20458.gwas.imputed_v3.both_sexes.tsv.bgz?dl=0 -O 20458.gwas.imputed_v3.both_sexes.tsv.bgz,https://www.dropbox.com/s/uxeszythltb6mqd/20458.gwas.imputed_v3.both_sexes.tsv.bgz?dl=0
20463, Ever heard an un-real voice,http://biobank.ctsu.ox.ac.uk/crystal/field.cgi?id=20463,both_sexes,20463.gwas.imputed_v3.both_sexes.tsv.bgz,wget https://www.dropbox.com/s/z3il9ndjp23dnye/20463.gwas.imputed_v3.both_sexes.tsv.bgz?dl=0 -O 20463.gwas.imputed_v3.both_sexes.tsv.bgz,https://www.dropbox.com/s/z3il9ndjp23dnye/20463.gwas.imputed_v3.both_sexes.tsv.bgz?dl=0
20468, Ever believed in an un-real conspiracy against self,http://biobank.ctsu.ox.ac.uk/crystal/field.cgi?id=20468,both_sexes,20468.gwas.imputed_v3.both_sexes.tsv.bgz,wget https://www.dropbox.com/s/0srymc5wybuoo26/20468.gwas.imputed_v3.both_sexes.tsv.bgz?dl=0 -O 20468.gwas.imputed_v3.both_sexes.tsv.bgz,https://www.dropbox.com/s/0srymc5wybuoo26/20468.gwas.imputed_v3.both_sexes.tsv.bgz?dl=0
20480, Ever self-harmed,http://biobank.ctsu.ox.ac.uk/crystal/field.cgi?id=20480,both_sexes,20480.gwas.imputed_v3.both_sexes.tsv.bgz,wget https://www.dropbox.com/s/28my5g965hrwbsf/20480.gwas.imputed_v3.both_sexes.tsv.bgz?dl=0 -O 20480.gwas.imputed_v3.both_sexes.tsv.bgz,https://www.dropbox.com/s/28my5g965hrwbsf/20480.gwas.imputed_v3.both_sexes.tsv.bgz?dl=0
20483, Ever attempted suicide,http://biobank.ctsu.ox.ac.uk/crystal/field.cgi?id=20483,both_sexes,20483.gwas.imputed_v3.both_sexes.tsv.bgz,wget https://www.dropbox.com/s/vndqytkhftuqvzj/20483.gwas.imputed_v3.both_sexes.tsv.bgz?dl=0 -O 20483.gwas.imputed_v3.both_sexes.tsv.bgz,https://www.dropbox.com/s/vndqytkhftuqvzj/20483.gwas.imputed_v3.both_sexes.tsv.bgz?dl=0
20503, Ever addicted to prescription or over-the-counter medication,http://biobank.ctsu.ox.ac.uk/crystal/field.cgi?id=20503,both_sexes,20503.gwas.imputed_v3.both_sexes.tsv.bgz,wget https://www.dropbox.com/s/n0wzmqf9yfcjgnv/20503.gwas.imputed_v3.both_sexes.tsv.bgz?dl=0 -O 20503.gwas.imputed_v3.both_sexes.tsv.bgz,https://www.dropbox.com/s/n0wzmqf9yfcjgnv/20503.gwas.imputed_v3.both_sexes.tsv.bgz?dl=0
20511, Recent poor appetite or overeating,http://biobank.ctsu.ox.ac.uk/crystal/field.cgi?id=20511,both_sexes,20511.gwas.imputed_v3.both_sexes.tsv.bgz,wget https://www.dropbox.com/s/ypqipwgl4q4fy6b/20511.gwas.imputed_v3.both_sexes.tsv.bgz?dl=0 -O 20511.gwas.imputed_v3.both_sexes.tsv.bgz,https://www.dropbox.com/s/ypqipwgl4q4fy6b/20511.gwas.imputed_v3.both_sexes.tsv.bgz?dl=0
20517, Trouble falling or staying asleep- or sleeping too much,http://biobank.ctsu.ox.ac.uk/crystal/field.cgi?id=20517,both_sexes,20517.gwas.imputed_v3.both_sexes.tsv.bgz,wget https://www.dropbox.com/s/opd574azim36e1i/20517.gwas.imputed_v3.both_sexes.tsv.bgz?dl=0 -O 20517.gwas.imputed_v3.both_sexes.tsv.bgz,https://www.dropbox.com/s/opd574azim36e1i/20517.gwas.imputed_v3.both_sexes.tsv.bgz?dl=0
20519, Recent feelings of tiredness or low energy,http://biobank.ctsu.ox.ac.uk/crystal/field.cgi?id=20519,both_sexes,20519.gwas.imputed_v3.both_sexes.tsv.bgz,wget https://www.dropbox.com/s/xemhfwellqcjjqc/20519.gwas.imputed_v3.both_sexes.tsv.bgz?dl=0 -O 20519.gwas.imputed_v3.both_sexes.tsv.bgz,https://www.dropbox.com/s/xemhfwellqcjjqc/20519.gwas.imputed_v3.both_sexes.tsv.bgz?dl=0
20544_17,Mental health problems ever diagnosed by a professional: Agoraphobia,http://biobank.ctsu.ox.ac.uk/crystal/field.cgi?id=20544,both_sexes,20544_17.gwas.imputed_v3.both_sexes.tsv.bgz,wget https://www.dropbox.com/s/p5xmdik6rgx8trh/20544_17.gwas.imputed_v3.both_sexes.tsv.bgz?dl=0 -O 20544_17.gwas.imputed_v3.both_sexes.tsv.bgz,https://www.dropbox.com/s/p5xmdik6rgx8trh/20544_17.gwas.imputed_v3.both_sexes.tsv.bgz?dl=0
20544_12,Mental health problems ever diagnosed by a professional: Bulimia nervosa,http://biobank.ctsu.ox.ac.uk/crystal/field.cgi?id=20544,both_sexes,20544_12.gwas.imputed_v3.both_sexes.tsv.bgz,wget https://www.dropbox.com/s/afrou0ckhiz6v50/20544_12.gwas.imputed_v3.both_sexes.tsv.bgz?dl=0 -O 20544_12.gwas.imputed_v3.both_sexes.tsv.bgz,https://www.dropbox.com/s/afrou0ckhiz6v50/20544_12.gwas.imputed_v3.both_sexes.tsv.bgz?dl=0
20544_7,Mental health problems ever diagnosed by a professional: Obsessive compulsive disorder (OCD),http://biobank.ctsu.ox.ac.uk/crystal/field.cgi?id=20544,both_sexes,20544_7.gwas.imputed_v3.both_sexes.tsv.bgz,wget https://www.dropbox.com/s/lb883gj1dh9qiuz/20544_7.gwas.imputed_v3.both_sexes.tsv.bgz?dl=0 -O 20544_7.gwas.imputed_v3.both_sexes.tsv.bgz,https://www.dropbox.com/s/lb883gj1dh9qiuz/20544_7.gwas.imputed_v3.both_sexes.tsv.bgz?dl=0
20549_4,Substances taken for anxiety: Drugs or alcohol (more than once),http://biobank.ctsu.ox.ac.uk/crystal/field.cgi?id=20549,both_sexes,20549_4.gwas.imputed_v3.both_sexes.tsv.bgz,wget https://www.dropbox.com/s/v6kwcqgck5i7213/20549_4.gwas.imputed_v3.both_sexes.tsv.bgz?dl=0 -O 20549_4.gwas.imputed_v3.both_sexes.tsv.bgz,https://www.dropbox.com/s/v6kwcqgck5i7213/20549_4.gwas.imputed_v3.both_sexes.tsv.bgz?dl=0
21001_irnt,Body mass index (BMI), http://biobank.ctsu.ox.ac.uk/crystal/field.cgi?id=21001,both_sexes,21001_irnt.gwas.imputed_v3.both_sexes.tsv.bgz,wget https://www.dropbox.com/s/gulqmkaighh8w3b/21001_irnt.gwas.imputed_v3.both_sexes.tsv.bgz?dl=0 -O 21001_irnt.gwas.imputed_v3.both_sexes.tsv.bgz,https://www.dropbox.com/s/gulqmkaighh8w3b/21001_irnt.gwas.imputed_v3.both_sexes.tsv.bgz?dl=0
21002_raw, Weight,http://biobank.ctsu.ox.ac.uk/crystal/field.cgi?id=21002,both_sexes,21002_raw.gwas.imputed_v3.both_sexes.tsv.bgz,wget https://www.dropbox.com/s/3x6vhd7hmw48wxn/21002_raw.gwas.imputed_v3.both_sexes.tsv.bgz?dl=0 -O 21002_raw.gwas.imputed_v3.both_sexes.tsv.bgz,https://www.dropbox.com/s/3x6vhd7hmw48wxn/21002_raw.gwas.imputed_v3.both_sexes.tsv.bgz?dl=0
2139_irnt, Age first had sexual intercourse,http://biobank.ctsu.ox.ac.uk/crystal/field.cgi?id=2139,both_sexes,2139_irnt.gwas.imputed_v3.both_sexes.tsv.bgz,wget https://www.dropbox.com/s/rye7pe4fik5ntyc/2139_irnt.gwas.imputed_v3.both_sexes.tsv.bgz?dl=0 -O 2139_irnt.gwas.imputed_v3.both_sexes.tsv.bgz,https://www.dropbox.com/s/rye7pe4fik5ntyc/2139_irnt.gwas.imputed_v3.both_sexes.tsv.bgz?dl=0
2149,Lifetime number of sexual partners,http://biobank.ctsu.ox.ac.uk/crystal/field.cgi?id=2149,both_sexes,2149.gwas.imputed_v3.both_sexes.tsv.bgz,wget https://www.dropbox.com/s/ltj2pwm4vu2i7ig/2149.gwas.imputed_v3.both_sexes.tsv.bgz?dl=0 -O 2149.gwas.imputed_v3.both_sexes.tsv.bgz,https://www.dropbox.com/s/ltj2pwm4vu2i7ig/2149.gwas.imputed_v3.both_sexes.tsv.bgz?dl=0
2159,Ever had same-sex intercourse, http://biobank.ctsu.ox.ac.uk/crystal/field.cgi?id=2159,both_sexes,2159.gwas.imputed_v3.both_sexes.tsv.bgz,wget https://www.dropbox.com/s/y1kt0wanjjy41i7/2159.gwas.imputed_v3.both_sexes.tsv.bgz?dl=0 -O 2159.gwas.imputed_v3.both_sexes.tsv.bgz,https://www.dropbox.com/s/y1kt0wanjjy41i7/2159.gwas.imputed_v3.both_sexes.tsv.bgz?dl=0
2207,Wears glasses or contact lenses,http://biobank.ctsu.ox.ac.uk/crystal/field.cgi?id=2207,both_sexes,2207.gwas.imputed_v3.both_sexes.tsv.bgz,wget https://www.dropbox.com/s/ieacy0pj7fsgt55/2207.gwas.imputed_v3.both_sexes.tsv.bgz?dl=0 -O 2207.gwas.imputed_v3.both_sexes.tsv.bgz,https://www.dropbox.com/s/ieacy0pj7fsgt55/2207.gwas.imputed_v3.both_sexes.tsv.bgz?dl=0
23099_irnt,Body fat percentage,http://biobank.ctsu.ox.ac.uk/crystal/field.cgi?id=23099,both_sexes,23099_irnt.gwas.imputed_v3.both_sexes.tsv.bgz,wget https://www.dropbox.com/s/s3wzzt0ijdvp5yj/23099_irnt.gwas.imputed_v3.both_sexes.tsv.bgz?dl=0 -O 23099_irnt.gwas.imputed_v3.both_sexes.tsv.bgz,https://www.dropbox.com/s/s3wzzt0ijdvp5yj/23099_irnt.gwas.imputed_v3.both_sexes.tsv.bgz?dl=0
23105_irnt,Basal metabolic rate,http://biobank.ctsu.ox.ac.uk/crystal/field.cgi?id=23105,both_sexes,23105_irnt.gwas.imputed_v3.both_sexes.tsv.bgz,wget https://www.dropbox.com/s/tnyyknb7h2pvq6z/23105_irnt.gwas.imputed_v3.both_sexes.tsv.bgz?dl=0 -O 23105_irnt.gwas.imputed_v3.both_sexes.tsv.bgz,https://www.dropbox.com/s/tnyyknb7h2pvq6z/23105_irnt.gwas.imputed_v3.both_sexes.tsv.bgz?dl=0
30020_raw, Haemoglobin concentration, http://biobank.ctsu.ox.ac.uk/crystal/field.cgi?id=30020,both_sexes,30020_raw.gwas.imputed_v3.both_sexes.tsv.bgz,wget https://www.dropbox.com/s/rvpbvobej0f3ryl/30020_raw.gwas.imputed_v3.both_sexes.tsv.bgz?dl=0 -O 30020_raw.gwas.imputed_v3.both_sexes.tsv.bgz,https://www.dropbox.com/s/rvpbvobej0f3ryl/30020_raw.gwas.imputed_v3.both_sexes.tsv.bgz?dl=0
30080_raw, Platelet count,http://biobank.ctsu.ox.ac.uk/crystal/field.cgi?id=30080,both_sexes,30080_raw.gwas.imputed_v3.both_sexes.tsv.bgz,wget https://www.dropbox.com/s/49u5160q1ux7anq/30080_raw.gwas.imputed_v3.both_sexes.tsv.bgz?dl=0 -O 30080_raw.gwas.imputed_v3.both_sexes.tsv.bgz,https://www.dropbox.com/s/49u5160q1ux7anq/30080_raw.gwas.imputed_v3.both_sexes.tsv.bgz?dl=0
3751,Chest pain or discomfort when walking uphill or hurrying,http://biobank.ctsu.ox.ac.uk/crystal/field.cgi?id=3751,both_sexes,3751.gwas.imputed_v3.both_sexes.tsv.bgz,wget https://www.dropbox.com/s/49huv0c5jk8gwoh/3751.gwas.imputed_v3.both_sexes.tsv.bgz?dl=0 -O 3751.gwas.imputed_v3.both_sexes.tsv.bgz,https://www.dropbox.com/s/49huv0c5jk8gwoh/3751.gwas.imputed_v3.both_sexes.tsv.bgz?dl=0
3773,Knee pain for 3+ months,http://biobank.ctsu.ox.ac.uk/crystal/field.cgi?id=3773,both_sexes,3773.gwas.imputed_v3.both_sexes.tsv.bgz,wget https://www.dropbox.com/s/8oe019aro4za8lj/3773.gwas.imputed_v3.both_sexes.tsv.bgz?dl=0 -O 3773.gwas.imputed_v3.both_sexes.tsv.bgz,https://www.dropbox.com/s/8oe019aro4za8lj/3773.gwas.imputed_v3.both_sexes.tsv.bgz?dl=0
4570,Friendships satisfaction,http://biobank.ctsu.ox.ac.uk/crystal/field.cgi?id=4570,both_sexes,4570.gwas.imputed_v3.both_sexes.tsv.bgz,wget https://www.dropbox.com/s/274tmv6f3q3z4q1/4570.gwas.imputed_v3.both_sexes.tsv.bgz?dl=0 -O 4570.gwas.imputed_v3.both_sexes.tsv.bgz,https://www.dropbox.com/s/274tmv6f3q3z4q1/4570.gwas.imputed_v3.both_sexes.tsv.bgz?dl=0
4548,Health satisfaction,http://biobank.ctsu.ox.ac.uk/crystal/field.cgi?id=4548,both_sexes,4548.gwas.imputed_v3.both_sexes.tsv.bgz,wget https://www.dropbox.com/s/pskobh8xqy8ha46/4548.gwas.imputed_v3.both_sexes.tsv.bgz?dl=0 -O 4548.gwas.imputed_v3.both_sexes.tsv.bgz,https://www.dropbox.com/s/pskobh8xqy8ha46/4548.gwas.imputed_v3.both_sexes.tsv.bgz?dl=0
5983_raw,ECG- heart rate,http://biobank.ctsu.ox.ac.uk/crystal/field.cgi?id=5983,both_sexes,5983_raw.gwas.imputed_v3.both_sexes.tsv.bgz,wget https://www.dropbox.com/s/8gwtxmc4fxn3kc6/5983_raw.gwas.imputed_v3.both_sexes.tsv.bgz?dl=0 -O 5983_raw.gwas.imputed_v3.both_sexes.tsv.bgz,https://www.dropbox.com/s/8gwtxmc4fxn3kc6/5983_raw.gwas.imputed_v3.both_sexes.tsv.bgz?dl=0
6142_5,Current employment status: Unemployed, http://biobank.ctsu.ox.ac.uk/crystal/field.cgi?id=6142,both_sexes,6142_5.gwas.imputed_v3.both_sexes.tsv.bgz,wget https://www.dropbox.com/s/q5ir91guor1olar/6142_5.gwas.imputed_v3.both_sexes.tsv.bgz?dl=0 -O 6142_5.gwas.imputed_v3.both_sexes.tsv.bgz,https://www.dropbox.com/s/q5ir91guor1olar/6142_5.gwas.imputed_v3.both_sexes.tsv.bgz?dl=0
6142_1,Current employment status: In paid employment or self-employed,http://biobank.ctsu.ox.ac.uk/crystal/field.cgi?id=6142,both_sexes,6142_1.gwas.imputed_v3.both_sexes.tsv.bgz,wget https://www.dropbox.com/s/95amldjhs5j5l3w/6142_1.gwas.imputed_v3.both_sexes.tsv.bgz?dl=0 -O 6142_1.gwas.imputed_v3.both_sexes.tsv.bgz,https://www.dropbox.com/s/95amldjhs5j5l3w/6142_1.gwas.imputed_v3.both_sexes.tsv.bgz?dl=0
6160_3,Leisure/social activities: Religious group,http://biobank.ctsu.ox.ac.uk/crystal/field.cgi?id=6160,both_sexes,6160_3.gwas.imputed_v3.both_sexes.tsv.bgz,wget https://www.dropbox.com/s/0ruqyyrqvs1osbp/6160_3.gwas.imputed_v3.both_sexes.tsv.bgz?dl=0 -O 6160_3.gwas.imputed_v3.both_sexes.tsv.bgz,https://www.dropbox.com/s/0ruqyyrqvs1osbp/6160_3.gwas.imputed_v3.both_sexes.tsv.bgz?dl=0
757_irnt,Time employed in main current job, http://biobank.ctsu.ox.ac.uk/crystal/field.cgi?id=757,both_sexes,757_irnt.gwas.imputed_v3.both_sexes.tsv.bgz,wget https://www.dropbox.com/s/e2undptxnsug990/757_irnt.gwas.imputed_v3.both_sexes.tsv.bgz?dl=0 -O 757_irnt.gwas.imputed_v3.both_sexes.tsv.bgz,https://www.dropbox.com/s/e2undptxnsug990/757_irnt.gwas.imputed_v3.both_sexes.tsv.bgz?dl=0
93_raw,Systolic blood pressure- manual reading,http://biobank.ctsu.ox.ac.uk/crystal/field.cgi?id=93,both_sexes,93_raw.gwas.imputed_v3.both_sexes.tsv.bgz,wget https://www.dropbox.com/s/75cj54o51au2x55/93_raw.gwas.imputed_v3.both_sexes.tsv.bgz?dl=0 -O 93_raw.gwas.imputed_v3.both_sexes.tsv.bgz,https://www.dropbox.com/s/75cj54o51au2x55/93_raw.gwas.imputed_v3.both_sexes.tsv.bgz?dl=0